City_ID,City,Country,Lat,Lng,Max Temp,Humidity,Cloudiness,Wind Speed,Current Description
0,Nyimba,ZM,-14.5566,30.8149,70.52,91,7,2.17,clear sky
1,Qaanaaq,GL,77.484,-69.3632,-17.21,65,79,7.92,broken clouds
2,Nalut,LY,30.3333,10.85,52.77,44,0,12.59,clear sky
3,Arraial Do Cabo,BR,-22.9661,-42.0278,78.8,73,0,20.71,clear sky
4,Guinayangan,PH,13.9006,122.4519,76.42,86,93,11.5,overcast clouds
5,Rikitea,PF,-23.1203,-134.9692,78.87,69,92,12.8,overcast clouds
6,Krechevitsy,RU,58.617,31.401,6.93,95,93,6.58,overcast clouds
7,Mar Del Plata,AR,-38.0023,-57.5575,63.0,77,75,6.91,mist
8,Hermanus,ZA,-34.4187,19.2345,68.0,88,10,6.22,clear sky
9,Port Lincoln,AU,-34.7333,135.8667,66.56,57,64,22.82,broken clouds
10,Prince Rupert,CA,54.3161,-130.3201,41.0,100,20,9.22,few clouds
11,Bredasdorp,ZA,-34.5322,20.0403,62.6,88,5,2.3,clear sky
12,Pailitas,CO,8.9565,-73.6255,79.36,64,88,2.89,overcast clouds
13,Palembang,ID,-2.9167,104.7458,84.2,70,75,6.91,broken clouds
14,Halifax,CA,44.6453,-63.5724,35.6,100,100,1.14,overcast clouds
15,El Sauzal,MX,31.9,-116.6833,53.01,89,0,3.0,clear sky
16,Mataura,NZ,-46.1927,168.8643,73.56,44,70,2.37,broken clouds
17,Busselton,AU,-33.65,115.3333,75.99,42,1,15.9,clear sky
18,Avarua,CK,-21.2078,-159.775,80.6,74,97,3.44,overcast clouds
19,Kapaa,US,22.0752,-159.319,64.99,68,75,11.5,broken clouds
20,Smithers,CA,54.7804,-127.1743,24.8,93,75,2.3,light snow
21,Ushuaia,AR,-54.8,-68.3,46.4,71,40,31.07,scattered clouds
22,Leningradskiy,RU,69.3833,178.4167,-24.54,85,100,12.12,overcast clouds
23,Hofn,IS,64.2539,-15.2082,36.32,79,100,15.19,overcast clouds
24,Cidreira,BR,-30.1811,-50.2056,67.84,77,1,16.84,clear sky
25,Puerto Ayora,EC,-0.7393,-90.3518,75.99,95,39,1.01,scattered clouds
26,Cabo San Lucas,MX,22.8909,-109.9124,73.4,28,1,3.44,clear sky
27,Murygino,RU,58.7383,49.4582,17.85,96,100,3.27,overcast clouds
28,Saskylakh,RU,71.9167,114.0833,-31.5,82,88,0.94,overcast clouds
29,Atuona,PF,-9.8,-139.0333,78.58,75,1,12.24,clear sky
30,Kodiak,US,57.79,-152.4072,19.4,86,1,4.61,clear sky
31,Rawson,AR,-43.3002,-65.1023,85.17,17,0,17.56,clear sky
32,Upernavik,GL,72.7868,-56.1549,-4.27,72,100,8.01,overcast clouds
33,Manadhoo,MV,5.7667,73.3833,81.61,70,100,7.96,overcast clouds
34,New Norfolk,AU,-42.7826,147.0587,73.99,84,100,3.67,overcast clouds
35,Cape Town,ZA,-33.9258,18.4232,68.0,88,20,8.05,few clouds
36,Umm Lajj,SA,25.0213,37.2685,68.4,52,8,6.38,clear sky
37,Morgan City,US,29.6994,-91.2068,64.99,88,40,12.66,scattered clouds
38,Vardo,NO,70.3705,31.1107,17.6,79,40,11.5,scattered clouds
39,Axim,GH,4.8699,-2.2405,78.84,88,0,7.02,clear sky
40,Dauphin,CA,51.1494,-100.0502,-2.2,78,75,8.05,light snow
41,Sisimiut,GL,66.9395,-53.6735,8.71,75,100,10.09,overcast clouds
42,Tuatapere,NZ,-46.1333,167.6833,63.63,62,64,6.42,broken clouds
43,Shubarkuduk,KZ,49.1447,56.4872,32.85,94,96,9.48,overcast clouds
44,Punta Arenas,CL,-53.15,-70.9167,46.4,71,75,8.05,broken clouds
45,Albany,US,42.6001,-73.9662,24.01,88,42,2.77,scattered clouds
46,Kaitangata,NZ,-46.2817,169.8464,59.0,73,81,15.01,broken clouds
47,Hithadhoo,MV,-0.6,73.0833,82.31,79,100,12.68,overcast clouds
48,Hasaki,JP,35.7333,140.8333,51.8,40,20,5.75,few clouds
49,Myanaung,MM,18.2833,95.3167,89.15,30,0,4.63,clear sky
50,Krasnystaw,PL,50.9846,23.1742,24.8,80,75,3.44,broken clouds
51,Gushikawa,JP,26.3544,127.8686,73.4,46,75,9.22,broken clouds
52,Narsaq,GL,60.9167,-46.05,14.0,41,17,3.44,few clouds
53,Butaritari,KI,3.0707,172.7902,80.96,83,96,15.41,light rain
54,Tiksi,RU,71.6872,128.8694,-12.95,90,100,13.76,overcast clouds
55,San Patricio,US,28.017,-97.5169,68.0,88,40,10.36,scattered clouds
56,Emerald,AU,-23.5333,148.1667,93.2,36,40,5.75,scattered clouds
57,Esperance,AU,-33.8667,121.9,68.0,45,75,14.97,broken clouds
58,Bambous Virieux,MU,-20.3428,57.7575,84.99,65,40,9.22,scattered clouds
59,Hobart,AU,-42.8794,147.3294,73.99,88,75,12.66,light rain
60,Cockburn Town,TC,21.4612,-71.1419,74.53,73,0,16.49,clear sky
61,Clyde River,CA,70.4692,-68.5914,-22.0,76,1,20.71,haze
62,Olinda,BR,-8.0089,-34.8553,78.8,73,40,6.91,scattered clouds
63,Nanortalik,GL,60.1432,-45.2371,21.07,78,100,7.14,overcast clouds
64,Tuktoyaktuk,CA,69.4541,-133.0374,-31.0,75,40,12.66,snow
65,Kahului,US,20.8947,-156.47,68.0,73,90,6.91,overcast clouds
66,Okhotsk,RU,59.3833,143.3,3.85,88,87,10.45,overcast clouds
67,Charters Towers,AU,-20.1,146.2667,88.18,54,92,13.4,overcast clouds
68,Lazaro Cardenas,MX,17.9583,-102.2,72.88,82,4,2.91,clear sky
69,Port Alfred,ZA,-33.5906,26.891,70.0,84,72,1.01,broken clouds
70,Irbeyskoye,RU,55.6428,95.4522,12.76,93,97,10.27,overcast clouds
71,Ponta Do Sol,PT,32.6667,-17.1,48.99,69,88,7.0,overcast clouds
72,Zabol,AF,32.25,67.25,38.66,66,0,6.44,clear sky
73,Laibin,CN,23.7,109.2667,79.79,26,0,9.57,clear sky
74,Mudanjiang,CN,44.5833,129.6,14.9,92,100,3.67,light snow
75,Dawlatabad,AF,36.4141,64.9053,56.25,32,19,1.72,few clouds
76,Srednekolymsk,RU,67.45,153.6833,-8.52,85,85,13.49,overcast clouds
77,La Rioja,ES,42.25,-2.5,44.6,100,100,4.61,overcast clouds
78,Stromness,GB,58.965,-3.296,35.6,87,75,25.32,broken clouds
79,Matara,LK,5.9485,80.5353,85.12,63,14,0.63,few clouds
80,Victoria,HK,22.2855,114.1577,72.0,56,20,11.5,few clouds
81,Vanderhoof,CA,54.0166,-124.0198,21.74,97,100,2.71,snow
82,Nisia Floresta,BR,-6.0911,-35.2086,78.8,83,20,8.05,few clouds
83,Hailey,US,43.5196,-114.3153,17.6,79,1,6.91,clear sky
84,Pevek,RU,69.7008,170.3133,-14.84,81,85,2.77,overcast clouds
85,Sistranda,NO,63.7256,8.834,14.0,85,40,5.75,scattered clouds
86,Safford,US,32.834,-109.7076,53.6,30,1,14.97,clear sky
87,Bethel,US,41.3712,-73.414,27.0,93,1,2.01,clear sky
88,Cayenne,GF,4.9333,-52.3333,77.0,94,75,9.22,broken clouds
89,Yellowknife,CA,62.456,-114.3525,-32.01,75,1,6.91,clear sky
90,Carnarvon,AU,-24.8667,113.6333,84.2,69,90,18.41,overcast clouds
91,Rocha,UY,-34.4833,-54.3333,64.08,71,100,13.96,overcast clouds
92,Cervo,ES,43.6702,-7.4101,39.0,100,77,1.99,broken clouds
93,Alofi,NU,-19.0595,-169.9187,80.6,83,100,9.22,moderate rain
94,Chokurdakh,RU,70.6333,147.9167,-15.54,86,98,20.38,overcast clouds
95,Port Elizabeth,ZA,-33.918,25.5701,69.8,83,20,2.3,few clouds
96,Provideniya,RU,64.3833,-173.3,-4.41,88,100,26.64,light snow
97,Nikolskoye,RU,59.7035,30.7861,5.0,78,20,11.18,few clouds
98,Staunton,US,38.1496,-79.0717,39.2,56,90,4.27,overcast clouds
99,Qui Nhon,VN,13.7667,109.2333,76.23,75,38,14.34,scattered clouds
100,Acari,PE,-15.4311,-74.6158,72.55,66,100,3.44,overcast clouds
101,Ouadda,CF,8.0777,22.4007,69.21,23,0,7.83,clear sky
102,Vila Do Maio,CV,15.1333,-23.2167,68.0,77,75,16.11,broken clouds
103,Castro,BR,-24.7911,-50.0119,58.78,91,1,4.68,clear sky
104,Nichinan,JP,31.6,131.3667,57.2,47,75,5.75,volcanic ash
105,Bluff,NZ,-46.6,168.3333,58.48,72,78,11.3,broken clouds
106,Kavaratti,IN,10.5669,72.642,81.21,76,75,11.95,broken clouds
107,Albanel,CA,48.8832,-72.4487,10.4,85,46,2.3,scattered clouds
108,Tautira,PF,-17.7333,-149.15,82.0,65,45,1.99,scattered clouds
109,Kano,NG,12.0001,8.5167,57.2,51,0,4.61,clear sky
110,Praia Da Vitoria,PT,38.7333,-27.0667,52.0,93,75,19.1,broken clouds
111,Vidim,RU,56.4088,103.1106,7.57,93,100,7.87,overcast clouds
112,Nawa,IN,27.0167,75.0,65.39,46,0,4.38,clear sky
113,Berwick,US,41.0545,-76.2333,28.0,82,100,3.42,light snow
114,Coihaique,CL,-45.5752,-72.0662,53.6,76,0,3.44,clear sky
115,Sola,VU,-13.8833,167.55,76.8,86,100,4.32,overcast clouds
116,Poum,NC,-20.2333,164.0167,80.67,81,7,13.89,clear sky
117,Torbay,CA,47.6666,-52.7314,41.0,94,100,6.69,overcast clouds
118,Fairbanks,US,64.8378,-147.7164,-26.0,68,1,3.13,clear sky
119,Caravelas,BR,-17.7125,-39.2481,76.06,86,0,7.78,clear sky
120,Makakilo City,US,21.3469,-158.0858,69.8,64,75,3.44,broken clouds
121,Shenjiamen,CN,29.9576,122.298,51.55,93,99,6.69,overcast clouds
122,Singkang,MY,2.1006,102.7994,87.8,62,20,11.5,few clouds
123,Saint-Philippe,RE,-21.3585,55.7679,86.0,58,40,4.61,light rain
124,Yichang,CN,30.7144,111.2847,59.81,49,92,2.95,overcast clouds
125,Ancud,CL,-41.8697,-73.8203,68.0,49,0,11.5,clear sky
126,Sioux Lookout,CA,50.1001,-91.917,3.2,78,90,8.05,snow
127,Ribeira Grande,PT,38.5167,-28.7,55.0,67,61,18.5,broken clouds
128,Barrow,US,71.2906,-156.7887,-20.2,69,90,6.91,haze
129,Tibati,CM,6.4667,12.6333,62.6,29,0,4.47,clear sky
130,Arauca,CO,7.0847,-70.7591,78.71,70,16,3.76,few clouds
131,Praia,CV,14.9215,-23.5087,68.0,77,75,16.11,broken clouds
132,Bengkulu,ID,-3.8004,102.2655,85.59,61,19,7.49,few clouds
133,Saint Anthony,US,45.0205,-93.218,8.6,66,1,18.41,clear sky
134,Libertador General San Martin,AR,-23.8064,-64.7876,71.01,83,99,3.0,overcast clouds
135,Khilok,RU,51.3674,110.4676,14.22,90,100,13.11,light snow
136,Portland,US,45.5234,-122.6762,46.0,88,98,3.0,overcast clouds
137,Yarensk,RU,62.1675,49.0916,5.85,95,93,4.18,overcast clouds
138,Ostersund,SE,63.1792,14.6357,14.0,92,90,8.05,overcast clouds
139,Komsomolskiy,UZ,40.4272,71.7189,44.6,45,69,4.61,broken clouds
140,Morondava,MG,-20.2833,44.2833,82.72,79,100,6.31,overcast clouds
141,Beloha,MG,-25.1667,45.05,86.74,57,11,10.47,few clouds
142,Mount Gambier,AU,-37.8333,140.7667,73.4,35,75,18.41,broken clouds
143,Brazzaville,CG,-4.2658,15.2832,75.2,88,100,2.3,overcast clouds
144,Dunedin,NZ,-45.8742,170.5036,55.99,72,72,24.0,broken clouds
145,Jamestown,US,42.097,-79.2353,33.01,93,90,10.36,snow
146,Aksarka,RU,66.5606,67.7975,-23.64,87,56,4.45,broken clouds
147,Sabzevar,IR,36.2126,57.6819,32.0,51,0,9.22,clear sky
148,Krasnoselkup,RU,65.7,82.4667,-25.74,85,20,5.95,few clouds
149,Lloydminster,CA,53.2835,-110.0016,-0.4,71,90,17.27,light snow
150,Port Blair,IN,11.6667,92.75,83.07,69,12,13.35,few clouds
151,Aklavik,CA,68.2191,-135.0107,-34.6,74,90,2.3,light snow
152,Kipushi,CD,-11.7667,27.2333,63.91,96,99,2.42,overcast clouds
153,Lagoa,PT,39.05,-27.9833,54.1,69,63,19.46,broken clouds
154,Tasiilaq,GL,65.6145,-37.6368,24.8,74,20,9.22,few clouds
155,Hilo,US,19.7297,-155.09,71.6,73,90,9.22,light rain
156,Lebu,CL,-37.6167,-73.65,59.76,81,0,5.41,clear sky
157,Gold Coast,AU,-28.0,153.4333,82.4,54,40,16.11,scattered clouds
158,Dikson,RU,73.5069,80.5464,-18.27,85,97,10.2,overcast clouds
159,Yatou,CN,37.15,122.3833,45.09,62,100,20.18,overcast clouds
160,Georgetown,MY,5.4112,100.3354,90.0,43,20,5.75,few clouds
161,Shujalpur,IN,23.4,76.7167,64.4,59,40,6.91,haze
162,Ketchikan,US,55.3422,-131.6461,39.2,100,20,10.36,few clouds
163,Chicama,PE,-7.8447,-79.1469,72.72,67,99,3.78,overcast clouds
164,Pacific Grove,US,36.6177,-121.9166,50.0,76,1,6.91,clear sky
165,Ottumwa,US,41.02,-92.4113,18.0,79,1,11.5,clear sky
166,Antofagasta,CL,-23.65,-70.4,64.4,77,20,3.44,few clouds
167,Limbang,MY,4.75,115.0,84.2,74,75,10.36,broken clouds
168,General Pico,AR,-35.6566,-63.7568,67.42,47,0,7.99,clear sky
169,Killybegs,IE,54.6333,-8.45,39.99,92,99,5.01,overcast clouds
170,Luderitz,NA,-26.6481,15.1594,65.05,67,0,17.49,clear sky
171,Coos Bay,US,43.3665,-124.2179,42.8,93,1,3.44,clear sky
172,Saldanha,ZA,-33.0117,17.9442,59.0,94,0,1.14,clear sky
173,Kavieng,PG,-2.5744,150.7967,83.37,74,75,3.53,moderate rain
174,Goderich,CA,43.7501,-81.7165,32.0,93,100,20.71,light snow
175,Muisne,EC,0.6,-80.0333,76.66,90,99,5.08,light rain
176,Sinnamary,GF,5.3833,-52.95,76.62,81,72,12.64,broken clouds
177,Tabory,RU,58.5198,64.5495,14.29,97,98,4.14,overcast clouds
178,Kruszwica,PL,52.6756,18.3313,10.4,92,0,1.14,clear sky
179,Mortka,RU,59.3322,66.0214,11.48,97,87,4.56,overcast clouds
180,Montepuez,MZ,-13.1256,38.9997,73.26,91,5,0.81,clear sky
181,Faya,SA,18.3851,42.4509,60.8,36,0,11.5,clear sky
182,Svetlogorsk,BY,52.6333,29.7333,10.9,94,93,10.4,overcast clouds
183,Dzhebariki-Khaya,RU,62.2167,135.8,-37.35,77,100,1.97,overcast clouds
184,Fortuna,US,40.5982,-124.1573,43.0,93,1,6.91,clear sky
185,Atar,MR,20.5169,-13.0499,57.54,71,100,6.04,overcast clouds
186,Kamennomostskiy,RU,44.2983,40.1856,45.23,77,100,7.2,overcast clouds
187,Mareeba,AU,-17.0,145.4333,91.0,58,90,8.05,overcast clouds
188,Qaqortoq,GL,60.7167,-46.0333,14.0,41,60,3.44,broken clouds
189,Daru,PG,-9.0763,143.2092,85.32,79,32,11.83,scattered clouds
190,Hutchinson,US,38.0608,-97.9298,28.4,64,1,8.05,clear sky
191,Talnakh,RU,69.4865,88.3972,-23.71,86,98,1.21,overcast clouds
192,Vaini,TO,-21.2,-175.2,80.6,94,90,6.91,light rain
193,Cumra,TR,37.5732,32.7745,42.8,70,0,8.05,clear sky
194,Margate,GB,51.3813,1.3862,46.99,89,58,1.01,broken clouds
195,Ahuimanu,US,21.4447,-157.8378,69.8,56,20,9.22,few clouds
196,Kruisfontein,ZA,-34.0033,24.7314,63.0,94,0,1.01,clear sky
197,Kologriv,RU,58.8275,44.3178,6.85,95,100,3.38,overcast clouds
198,Morrope,PE,-6.5417,-80.0111,73.0,77,100,10.29,overcast clouds
199,Mackenzie,CA,55.2999,-123.1698,15.8,100,90,5.75,light snow
200,Idil,TR,37.3411,41.8895,45.25,81,92,1.12,overcast clouds
201,Zhanakorgan,KZ,43.9098,67.2495,39.52,73,98,11.65,overcast clouds
202,Touros,BR,-5.1989,-35.4608,77.0,88,40,8.05,scattered clouds
203,Khudumelapye,BW,-23.8833,24.75,66.69,91,98,7.76,moderate rain
204,Namatanai,PG,-3.6667,152.4333,84.58,71,57,4.99,moderate rain
205,Sonoita,MX,31.85,-112.8333,55.99,23,3,7.23,clear sky
206,Airai,TL,-8.9266,125.4092,69.53,85,100,4.76,overcast clouds
207,Maningrida,AU,-12.0667,134.2667,84.9,76,85,6.35,overcast clouds
208,Dali,CN,25.7,100.1833,61.83,29,9,4.23,clear sky
209,Puerto Escondido,MX,15.85,-97.0667,78.8,78,40,2.82,scattered clouds
210,Mumford,GH,5.2618,-0.759,79.39,88,0,7.31,clear sky
211,Mrakovo,RU,52.7161,56.6244,34.86,95,100,7.7,overcast clouds
212,Plastun,RU,44.7561,136.2939,19.13,80,1,7.16,clear sky
213,Tura,IN,25.5198,90.2201,79.02,34,0,1.57,clear sky
214,Grindavik,IS,63.8424,-22.4338,37.4,87,75,28.77,broken clouds
215,Alexandria,EG,31.2156,29.9553,62.6,72,40,17.27,scattered clouds
216,Lompoc,US,34.6391,-120.4579,48.99,93,1,4.61,clear sky
217,Sobolevo,RU,54.4299,31.8996,3.87,94,100,10.38,overcast clouds
218,Mahebourg,MU,-20.4081,57.7,84.2,65,40,9.22,scattered clouds
219,Mancio Lima,BR,-7.6142,-72.8958,73.96,96,100,2.06,overcast clouds
220,Homer,US,59.6425,-151.5483,24.8,93,1,10.36,clear sky
221,Severo-Kurilsk,RU,50.6789,156.125,13.39,85,80,9.19,broken clouds
222,Codrington,AU,-38.2667,141.9667,72.23,38,21,6.91,few clouds
223,Yangambi,CD,0.8102,24.4336,71.11,98,98,1.68,overcast clouds
224,Kisangani,CD,0.5167,25.2,71.46,96,78,0.58,broken clouds
225,Sao Joao Da Barra,BR,-21.6403,-41.0511,75.97,84,0,15.93,clear sky
226,Cherskiy,RU,68.75,161.3,-6.93,76,94,6.31,overcast clouds
227,Oranjemund,NA,-28.55,16.4333,61.61,93,53,10.33,broken clouds
228,Bandarbeyla,SO,9.4942,50.8122,74.26,62,6,10.8,clear sky
229,Galveston,US,29.3669,-94.9669,64.99,88,90,18.41,overcast clouds
230,Marathon,US,44.9,-89.7668,17.6,73,90,17.27,light snow
231,Yabassi,CM,4.457,9.9682,78.8,100,75,2.3,broken clouds
232,Norman Wells,CA,65.282,-126.8329,-43.6,66,20,4.61,few clouds
233,Woodward,US,36.4337,-99.3904,32.0,59,1,8.05,clear sky
234,Lavrentiya,RU,65.5833,-171.0,-6.57,90,100,17.83,light snow
235,Ilhabela,BR,-23.7781,-45.3581,79.21,81,100,6.35,moderate rain
236,Mosetse,BW,-20.75,26.65,69.94,88,57,7.27,broken clouds
237,Singapore,SG,1.2897,103.8501,89.6,55,75,11.5,broken clouds
238,Tambo,PE,-14.8,-73.9167,37.13,99,100,4.68,light rain
239,Harper,LR,4.375,-7.7169,78.22,90,43,7.18,scattered clouds
240,Windhoek,NA,-22.5594,17.0832,68.0,52,2,2.3,clear sky
241,Kauhajoki,FI,62.4333,22.1833,-14.8,76,0,2.3,clear sky
242,Vao,NC,-22.6667,167.4833,78.8,88,0,14.18,clear sky
243,Yulara,AU,-25.2406,130.9889,77.0,50,90,8.05,overcast clouds
244,Tigil,RU,57.8,158.6667,3.16,90,93,3.53,overcast clouds
245,Isangel,VU,-19.55,169.2667,83.82,64,98,4.27,overcast clouds
246,Tessalit,ML,20.1986,1.0114,65.82,24,87,16.53,overcast clouds
247,Ostrovnoy,RU,68.0531,39.5131,13.69,90,100,20.2,overcast clouds
248,San Policarpo,PH,12.1791,125.5072,81.88,84,98,15.28,overcast clouds
249,Big Spring,US,32.2504,-101.4787,44.6,53,1,11.5,clear sky
250,Ukiah,US,39.1502,-123.2078,46.0,81,1,2.57,clear sky
251,Arlit,NE,18.7369,7.3853,60.08,30,42,6.11,scattered clouds
252,Cotonou,BJ,6.3654,2.4183,84.2,84,40,8.05,scattered clouds
253,Alihe,CN,50.5667,123.7167,6.15,84,95,3.65,overcast clouds
254,Solhan,TR,38.9634,41.0293,37.4,93,75,1.14,broken clouds
255,Ternate,ID,0.8,127.4,84.42,67,100,3.42,overcast clouds
256,Bilma,NE,18.6853,12.9164,57.92,34,0,9.37,clear sky
257,Eureka,US,40.8021,-124.1637,44.01,89,1,4.05,clear sky
258,Motygino,RU,58.1831,94.7592,7.18,93,100,7.34,overcast clouds
259,Guerrero Negro,MX,27.9769,-114.0611,59.72,74,97,14.76,overcast clouds
260,Mercedes,AR,-34.6515,-59.4307,64.99,92,0,4.05,clear sky
261,Malabo,GQ,3.75,8.7833,75.2,94,20,2.3,few clouds
262,Vostok,RU,46.4856,135.8833,2.86,85,12,5.06,few clouds
263,Artvin,TR,41.1667,41.8333,53.6,87,75,14.97,broken clouds
264,Baturaja,ID,-4.1333,104.1667,86.94,61,52,6.76,broken clouds
265,Anadyr,RU,64.75,177.4833,5.0,78,40,24.61,snow
266,Bathsheba,BB,13.2167,-59.5167,78.8,61,20,19.57,few clouds
267,Lima,PE,-12.0432,-77.0282,72.0,83,40,9.22,scattered clouds
268,Pisco,PE,-13.7,-76.2167,71.6,78,0,3.44,clear sky
269,Port Macquarie,AU,-31.4333,152.9167,84.0,60,3,1.99,clear sky
270,Uklana Mandi,IN,29.5023,75.8849,63.3,55,0,1.88,clear sky
271,Te Anau,NZ,-45.4167,167.7167,74.59,44,70,2.59,broken clouds
272,Kerouane,GN,9.2667,-9.0167,68.61,74,0,4.45,clear sky
273,Conde,BR,-7.2597,-34.9075,77.0,88,40,4.61,scattered clouds
274,Krasnomayskiy,RU,57.6194,34.4099,5.02,94,97,7.47,overcast clouds
275,Hovd,MN,48.0056,91.6419,27.54,72,82,1.92,broken clouds
276,Wajir,KE,1.7471,40.0573,75.2,73,0,3.44,clear sky
277,Sao Filipe,CV,14.8961,-24.4956,70.63,75,100,12.46,overcast clouds
278,Roma,US,43.2128,-75.4557,23.0,86,1,6.91,clear sky
279,College,US,64.8569,-147.8028,-27.0,68,40,3.44,scattered clouds
280,Russell,US,32.3502,-85.1999,57.2,62,90,12.66,overcast clouds
281,Nome,US,64.5011,-165.4064,12.2,73,90,20.71,light snow
282,Aguada De Cima,PT,40.5229,-8.427,50.0,86,80,3.8,broken clouds
283,Broome,US,42.2506,-75.833,28.4,64,1,8.05,clear sky
284,Fare,PF,-16.7,-151.0167,81.45,70,3,8.43,clear sky
285,Port Hardy,CA,50.6996,-127.4199,46.4,93,90,9.22,moderate rain
286,Comodoro Rivadavia,AR,-45.8667,-67.5,71.6,60,0,9.22,clear sky
287,Gat,IL,31.61,34.7642,55.99,100,100,2.39,overcast clouds
288,Paamiut,GL,61.994,-49.6678,17.69,74,23,4.85,few clouds
289,Beaverlodge,CA,55.2166,-119.4361,-5.8,77,75,3.44,broken clouds
290,Kalmunai,LK,7.4167,81.8167,79.38,80,99,13.47,overcast clouds
291,West Wendover,US,40.7391,-114.0733,30.2,55,75,6.91,broken clouds
292,Klaksvik,FO,62.2266,-6.589,33.8,64,20,11.5,light snow
293,Bogashevo,RU,56.3683,85.1447,7.0,85,40,8.95,light snow
294,Lorengau,PG,-2.0226,147.2712,78.53,84,100,8.63,heavy intensity rain
295,Richards Bay,ZA,-28.783,32.0377,75.96,83,81,8.34,broken clouds
296,Thompson,CA,55.7435,-97.8558,-13.0,77,75,6.91,light snow
297,Cajabamba,PE,-7.6167,-78.05,54.45,77,98,3.06,overcast clouds
298,Siuna,NI,13.7332,-84.7773,64.45,90,55,2.95,broken clouds
299,Aktau,KZ,43.65,51.2,41.0,93,90,13.42,light intensity drizzle
300,Medicine Hat,CA,50.0501,-110.6683,21.2,73,90,14.97,light snow
301,Chuy,UY,-33.6971,-53.4616,64.02,80,77,12.93,broken clouds
302,Menongue,AO,-14.6585,17.691,60.53,85,33,3.87,scattered clouds
303,Mayo,US,38.8876,-76.5119,39.2,65,75,10.36,broken clouds
304,Hami,CN,42.8,93.45,37.65,66,1,2.42,clear sky
305,Paka,MY,4.6374,103.4368,84.0,78,40,6.91,scattered clouds
306,Savonlinna,FI,61.8699,28.88,1.4,78,0,9.22,clear sky
307,Zavitinsk,RU,50.1167,129.45,-5.91,89,100,3.98,overcast clouds
308,Sao Felix Do Xingu,BR,-6.6447,-51.995,73.71,90,99,1.1,light rain
309,Saint-Joseph,RE,-21.3667,55.6167,86.0,58,40,4.61,light rain
310,Jalu,LY,29.0331,21.5482,49.06,90,0,2.8,clear sky
311,Naze,JP,28.3667,129.4833,69.8,52,40,9.22,scattered clouds
312,Lewistown,US,40.5992,-77.5714,34.0,51,1,3.89,light intensity drizzle
313,Hinatuan,PH,8.3722,126.3342,82.78,77,75,8.05,broken clouds
314,Ohara,JP,35.25,140.3833,51.8,40,20,6.91,few clouds
315,East London,ZA,-33.0153,27.9116,69.8,94,90,6.91,light rain
316,Longyearbyen,SJ,78.2186,15.6401,17.6,73,75,9.22,broken clouds
317,Ormara,PK,25.2088,64.6357,71.83,27,0,7.29,clear sky
318,Nantucket,US,41.2835,-70.0995,30.99,86,1,6.91,clear sky
319,Walvis Bay,NA,-22.9575,14.5053,66.0,82,0,4.61,clear sky
320,Linxia,CN,35.6003,103.2064,38.01,51,0,3.18,clear sky
321,Namwala,ZM,-15.7504,26.4384,66.0,96,58,2.48,broken clouds
322,Port Moresby,PG,-9.4431,147.1797,91.4,62,40,16.11,scattered clouds
323,Kiunga,PG,-6.1219,141.2906,79.92,78,97,1.01,overcast clouds
324,Kuytun,RU,54.3419,101.5036,9.82,93,100,10.27,overcast clouds
325,Saint George,US,37.1041,-113.5841,45.0,36,1,3.44,clear sky
326,Taga,RO,46.95,24.05,32.0,100,40,3.44,scattered clouds
327,Valera,VE,9.3178,-70.6036,72.41,65,83,4.56,broken clouds
328,Otavi,NA,-19.65,17.3333,66.38,60,81,7.16,broken clouds
329,Quatre Cocos,MU,-20.2078,57.7625,84.99,65,40,9.22,scattered clouds
330,Adrar,MR,20.5022,-10.0711,65.16,26,61,8.1,broken clouds
331,Pando,UY,-34.7167,-55.95,66.99,68,75,16.11,broken clouds
332,Batemans Bay,AU,-35.7167,150.1833,73.99,88,100,18.01,overcast clouds
333,Bulgan,MN,48.8125,103.5347,20.62,86,37,8.23,scattered clouds
334,Kirakira,SB,-10.4544,161.9205,84.74,72,51,7.63,broken clouds
335,Oistins,BB,13.0667,-59.5333,78.8,61,20,19.57,few clouds
336,Nanning,CN,22.8167,108.3167,71.6,60,0,6.71,clear sky
337,Angoche,MZ,-16.2325,39.9086,81.05,87,87,3.87,light rain
338,Vallenar,CL,-28.5708,-70.7581,62.58,67,73,2.46,broken clouds
339,Basco,PH,20.4487,121.9702,71.67,72,70,18.5,broken clouds
340,Khatanga,RU,71.9667,102.5,-30.95,77,0,8.12,clear sky
341,Flin Flon,CA,54.7682,-101.865,-6.88,90,100,7.67,overcast clouds
342,Orlik,RU,52.5178,99.825,8.37,81,100,6.64,overcast clouds
343,Padang,ID,-0.9492,100.3543,89.6,58,20,4.61,few clouds
344,Pimenta Bueno,BR,-11.6725,-61.1936,73.76,95,100,1.81,overcast clouds
345,Amahai,ID,-3.3333,128.9167,83.26,72,100,3.31,overcast clouds
346,Viedma,AR,-40.8135,-62.9967,70.39,38,0,12.1,clear sky
347,Akdepe,TM,42.0551,59.3788,39.2,93,100,4.61,overcast clouds
348,New Milford,US,40.9327,-74.0179,32.0,69,1,2.44,clear sky
349,Trelew,AR,-43.249,-65.3051,86.85,13,0,14.76,clear sky
350,Temozon,MX,20.8,-88.2167,63.16,84,0,3.67,clear sky
351,Zhizdra,RU,53.746,34.7395,15.8,79,90,20.13,snow
352,Mabaruma,GY,8.2,-59.7833,72.64,91,46,3.06,scattered clouds
353,Tucumcari,US,35.1717,-103.725,35.6,51,1,6.91,clear sky
354,Pauini,BR,-7.7136,-66.9764,73.96,95,98,0.49,overcast clouds
355,Moranbah,AU,-22.0016,148.0466,89.38,46,71,12.46,broken clouds
356,Dingle,PH,10.9995,122.6711,82.98,79,82,14.7,light rain
357,Ryazanovskiy,RU,55.55,39.4333,14.59,96,100,12.66,light snow
358,Sorland,NO,67.667,12.6934,37.17,78,100,18.41,overcast clouds
359,Naryan-Mar,RU,67.6713,53.087,-13.58,88,99,14.65,overcast clouds
360,Kamenka,RU,51.3223,42.7678,39.0,98,100,12.1,light rain
361,Ayan,RU,56.45,138.1667,-10.28,86,100,10.83,overcast clouds
362,Bichura,RU,50.5881,107.6022,17.53,89,99,10.56,overcast clouds
363,Mount Isa,AU,-20.7333,139.5,98.6,32,97,14.97,overcast clouds
364,Lasa,IT,46.6166,10.7002,39.0,93,0,5.75,clear sky
365,Lumding,IN,25.7535,93.1732,78.96,36,0,2.86,clear sky
366,Martapura,ID,-3.4167,114.85,86.0,79,40,6.91,scattered clouds
367,Pecos,US,31.4229,-103.4932,48.2,53,1,5.75,clear sky
368,Barentu,ER,15.1139,37.5928,63.73,29,2,2.39,clear sky
369,Aguililla,MX,18.7333,-102.7333,68.29,71,0,4.21,clear sky
370,Atbasar,KZ,51.8,68.3333,29.82,99,100,10.51,overcast clouds
371,Faanui,PF,-16.4833,-151.75,82.36,65,10,5.93,clear sky
372,Romanovskaya,RU,47.5426,42.0285,45.34,89,100,13.47,overcast clouds
373,Pointe-Noire,CG,-4.7761,11.8635,75.2,94,20,3.44,moderate rain
374,Yakymivka,UA,46.6897,35.1536,37.2,78,95,22.77,overcast clouds
375,Soyo,AO,-6.1349,12.3689,80.19,84,100,8.93,overcast clouds
376,Beni,CD,0.5,29.4667,68.2,72,94,0.96,overcast clouds
377,Shingu,JP,33.7333,135.9833,51.8,43,40,8.05,scattered clouds
378,Malakal,SS,9.5334,31.6605,72.37,21,1,15.19,clear sky
379,Peniche,PT,39.3558,-9.3811,51.01,89,99,5.01,overcast clouds
380,Barcelos,PT,41.5388,-8.6151,46.99,93,0,2.3,clear sky
381,Danielskuil,ZA,-28.1887,23.5395,66.27,77,0,6.71,clear sky
382,Svetlaya,RU,46.5389,138.3297,13.21,78,58,5.88,broken clouds
383,Sitka,US,57.0531,-135.33,37.4,75,75,3.44,broken clouds
384,Broken Hill,AU,-31.95,141.4333,75.2,31,40,14.97,scattered clouds
385,La Palma,US,33.8464,-118.0467,55.4,100,20,3.18,few clouds
386,Nyakahanga,TZ,-1.6033,31.1414,60.76,97,92,2.42,overcast clouds
387,Bindi,SL,9.9167,-11.45,64.2,90,1,2.35,clear sky
388,Blagoyevo,RU,63.3667,47.9167,7.12,95,98,6.04,overcast clouds
389,Avera,US,33.194,-82.5271,51.01,49,40,3.44,scattered clouds
390,Impfondo,CG,1.6381,18.0667,70.57,85,54,2.75,broken clouds
391,Kishtwar,IN,33.3167,75.7667,44.4,48,100,0.72,overcast clouds
392,Kindu,CD,-2.95,25.95,69.94,93,22,1.12,few clouds
393,Moose Factory,CA,51.2585,-80.6094,32.0,59,90,9.22,overcast clouds
394,Angren,UZ,41.0167,70.1436,45.16,47,99,6.69,overcast clouds
395,Orchard Homes,US,46.8633,-114.0484,30.99,100,90,3.62,light snow
396,Monforte De Lemos,ES,42.5216,-7.5142,39.0,94,91,1.63,overcast clouds
397,Estelle,US,29.8458,-90.1067,64.99,94,90,10.36,overcast clouds
398,Pitimbu,BR,-7.4706,-34.8086,77.0,88,40,4.61,scattered clouds
399,Mayumba,GA,-3.432,10.6554,79.32,84,100,5.41,overcast clouds
400,Kapit,MY,2.0167,112.9333,84.92,74,100,2.08,overcast clouds
401,Podgornoye,RU,51.735,39.1496,33.8,93,90,8.95,light rain and snow
402,Avola,IT,36.9113,15.1395,51.8,93,75,4.61,broken clouds
403,Pangai,TO,-19.8,-174.35,82.4,89,75,6.91,broken clouds
404,Waingapu,ID,-9.6567,120.2641,85.93,70,74,16.42,broken clouds
405,Zalantun,CN,48.0,122.7167,23.52,87,4,7.34,clear sky
406,Bay Roberts,CA,47.5999,-53.2648,39.2,100,90,6.91,fog
407,Poli,TZ,-3.3333,36.8,66.2,88,20,5.75,few clouds
408,Sur,OM,22.5667,59.5289,72.09,50,0,3.44,clear sky
409,Tres Arroyos,AR,-38.3739,-60.2798,55.87,86,0,5.73,clear sky
410,Geraldton,AU,-28.7667,114.6,80.6,32,100,21.85,overcast clouds
411,Constitucion,CL,-35.3333,-72.4167,59.2,91,89,1.68,overcast clouds
412,Zyryanka,RU,65.75,150.85,-9.98,89,100,19.62,overcast clouds
413,Xichang,CN,27.8964,102.2634,59.31,40,3,3.4,clear sky
414,Petropavlovsk-Kamchatskiy,RU,53.0452,158.6483,12.2,44,40,4.47,scattered clouds
415,Altay,CN,47.8667,88.1167,23.14,91,86,1.1,overcast clouds
416,Natitingou,BJ,10.3042,1.3796,74.61,19,0,9.1,clear sky
417,Yaan,NG,7.3833,8.5667,70.29,75,22,4.56,few clouds
418,Baruun-Urt,MN,46.6806,113.2792,15.03,94,50,8.81,scattered clouds
419,Danilovka,RU,50.3557,44.1168,43.52,90,100,20.07,overcast clouds
420,Ilulissat,GL,69.2167,-51.1,6.8,36,40,16.11,light snow
421,Sibolga,ID,1.7427,98.7792,85.39,63,100,4.85,overcast clouds
422,Verkhoyansk,RU,67.5447,133.385,-32.4,80,100,2.51,overcast clouds
423,Veraval,IN,20.9,70.3667,76.96,28,0,9.84,clear sky
424,Berlevag,NO,70.8578,29.0864,24.8,74,0,2.3,light snow
425,Buin,CL,-33.7333,-70.75,72.0,82,0,9.22,clear sky
426,Otane,NZ,-39.8833,176.6333,62.01,69,97,1.01,overcast clouds
427,Porto Novo,BJ,6.4965,2.6036,82.4,89,40,4.61,scattered clouds
428,Along,IN,28.1667,94.7667,75.43,32,56,0.69,broken clouds
429,Muromtsevo,RU,56.3724,75.2418,11.79,94,100,8.05,overcast clouds
430,Gannan,CN,47.9147,123.5031,15.93,89,35,0.38,scattered clouds
431,Altamont,US,42.2068,-121.7372,28.99,86,1,0.89,clear sky
432,Ronneby,SE,56.21,15.276,6.8,92,0,3.44,clear sky
433,Miri,MY,4.4148,114.0089,86.0,79,40,8.05,scattered clouds
434,Kopavogur,IS,64.1123,-21.913,37.4,70,20,23.02,few clouds
435,Dandong,CN,40.1292,124.3947,38.05,79,22,10.27,few clouds
436,Troitskoye,RU,52.9821,84.6757,16.54,94,100,2.93,overcast clouds
437,Vaitape,PF,-16.5167,-151.75,82.38,65,9,6.08,clear sky
438,Tando Jam,PK,25.4272,68.5362,71.04,23,0,2.75,clear sky
439,Ajdabiya,LY,30.7554,20.2263,52.84,89,22,1.52,few clouds
440,Qujing,CN,25.4833,103.7833,64.26,32,0,10.98,clear sky
441,Rodionovo-Nesvetayskaya,RU,47.6103,39.7121,42.01,93,75,13.42,light rain
442,Nortelandia,BR,-14.4547,-56.8028,74.23,92,100,1.88,light rain
443,Shellbrook,CA,53.2168,-106.4011,3.2,72,90,8.05,light snow
444,Cariati,IT,39.4922,16.9594,53.01,41,100,1.66,overcast clouds
445,Makurdi,NG,7.7411,8.5121,73.02,26,4,5.35,clear sky
446,Doha,QA,25.2867,51.5333,71.01,94,0,4.61,mist
447,Starodub,RU,52.5844,32.7633,8.47,94,96,14.38,overcast clouds
448,Gbadolite,CD,4.2833,21.0167,68.23,92,96,3.53,overcast clouds
449,Camacha,PT,33.0833,-16.3333,55.4,71,40,16.11,scattered clouds
450,Kharovsk,RU,59.9642,40.1912,3.29,94,95,4.36,overcast clouds
451,Buncrana,IE,55.1333,-7.45,38.26,93,96,4.76,overcast clouds
452,Hoa Binh,VN,20.8133,105.3383,73.4,60,75,6.91,broken clouds
453,San Vicente,AR,-26.6167,-54.1333,58.95,100,4,2.75,light rain
454,Kurilsk,RU,45.2333,147.8833,15.31,90,100,21.81,overcast clouds
455,Mackay,AU,-21.15,149.2,87.8,66,40,16.11,scattered clouds
456,Francisco Sa,BR,-16.4758,-43.4883,75.2,78,0,1.43,clear sky
457,Matay,EG,28.419,30.7792,53.91,92,0,10.4,clear sky
458,Amapa,BR,1.0,-52.0,69.39,98,100,2.01,overcast clouds
459,Belmonte,BR,-15.8631,-38.8828,77.0,78,20,4.61,few clouds
460,Minyar,RU,55.0709,57.5485,35.76,92,100,7.43,overcast clouds
461,Palmer,US,42.1584,-72.3287,23.0,92,1,2.53,clear sky
462,Tagusao,PH,9.1924,117.8141,83.19,69,80,10.49,broken clouds
463,Darjiling,IN,27.0333,88.2667,55.85,48,0,4.34,clear sky
464,Porto Velho,BR,-8.7619,-63.9039,77.0,88,40,5.75,light rain
465,Kununurra,AU,-15.7667,128.7333,80.6,89,75,19.57,moderate rain
466,Vila Velha,BR,-20.3297,-40.2925,78.8,73,20,8.05,few clouds
467,Virginia Beach,US,36.8529,-75.978,44.6,39,90,5.75,overcast clouds
468,Yate,GB,51.5407,-2.4184,42.01,95,9,4.74,clear sky
469,Samarai,PG,-10.6167,150.6667,84.65,70,49,4.52,scattered clouds
470,Nandaime,NI,11.757,-86.0529,75.2,78,40,4.61,scattered clouds
471,Trogir,HR,43.5125,16.2517,51.01,87,0,2.3,clear sky
472,Nakhon Thai,TH,17.1006,100.8374,93.0,39,1,4.61,clear sky
473,Atlantic Beach,US,30.3344,-81.3987,53.6,62,1,6.91,clear sky
474,Casper,US,42.8666,-106.3131,26.01,73,20,9.22,few clouds
475,Masindi,UG,1.6744,31.715,71.78,63,57,4.5,broken clouds
476,Warren,US,39.4334,-84.1666,36.0,100,90,27.63,light rain
477,Katsuura,JP,35.1333,140.3,50.0,53,20,6.91,few clouds
478,Paripiranga,BR,-10.6875,-37.8617,69.57,94,20,7.78,few clouds
479,Manta,EC,-0.95,-80.7333,77.0,94,90,5.75,overcast clouds
480,Takoradi,GH,4.8845,-1.7554,78.8,88,4,7.0,clear sky
481,Roald,NO,62.5833,6.1333,24.8,63,0,10.36,clear sky
482,Merauke,ID,-8.4667,140.3333,83.48,81,100,13.94,light rain
483,Kaputa,ZM,-8.4689,29.6619,69.06,85,72,2.13,broken clouds
484,La Paz,BO,-16.5,-68.15,44.6,93,75,8.05,light rain
485,Jiangmen,CN,22.5833,113.0833,79.0,63,28,1.99,scattered clouds
486,Bantry,IE,51.6833,-9.45,39.2,87,75,10.36,broken clouds
487,Eugene,US,44.0521,-123.0867,44.6,76,90,5.75,overcast clouds
488,San Fernando,PH,15.0286,120.6898,86.0,58,75,11.5,broken clouds
489,Korla,CN,41.7597,86.1469,33.91,69,9,8.77,clear sky
490,Zhigansk,RU,66.7697,123.3711,-37.95,76,0,9.69,clear sky
491,Asfi,MA,32.2994,-9.2372,56.57,77,94,22.12,overcast clouds
492,Kaduqli,SD,11.0167,29.7167,67.06,25,0,21.21,clear sky
493,Hirson,FR,49.9226,4.0826,44.01,36,100,3.0,overcast clouds
494,Alpoyeca,MX,17.6667,-98.5167,69.69,57,0,3.69,clear sky
495,Zholymbet,KZ,51.7433,71.7122,29.21,98,95,12.39,overcast clouds
496,Havre-Saint-Pierre,CA,50.2334,-63.5986,33.8,100,90,9.22,light rain
497,Egvekinot,RU,66.3167,-179.1667,-20.31,90,100,15.88,snow
498,Ondangwa,NA,-17.9167,15.95,74.57,52,68,2.93,broken clouds
499,Elat,IL,29.5581,34.9482,59.0,88,75,4.36,broken clouds
500,Thika,KE,-1.0333,37.0693,60.8,72,0,5.75,clear sky
501,Smrzovka,CZ,50.7382,15.2464,33.01,96,66,2.1,broken clouds
502,Alto Longa,BR,-5.2511,-42.2103,74.44,90,99,3.31,overcast clouds
503,Pailon,BO,-17.65,-62.75,71.6,83,40,3.44,scattered clouds
504,Athabasca,CA,54.7169,-113.2854,-9.4,77,64,3.44,broken clouds
505,Portobelo,PA,9.55,-79.65,79.0,77,43,12.01,scattered clouds
506,Arroyo,ES,41.6096,-4.7969,45.0,100,100,12.66,overcast clouds
507,Saint-Pierre,RE,-21.3393,55.4781,86.0,58,40,4.61,light rain
508,Ulaangom,MN,49.9811,92.0667,0.64,88,67,2.53,broken clouds
509,Turtas,RU,58.9417,69.1325,13.15,96,97,5.82,overcast clouds
510,Karang Tengah,ID,-7.5787,111.8642,84.7,76,70,11.7,broken clouds
511,San Nicolas,PH,18.1725,120.5953,84.2,61,20,11.5,few clouds
512,Grimshaw,CA,56.1834,-117.6027,-5.8,65,90,12.66,light snow
513,Hargeysa,SO,9.56,44.065,61.83,38,9,1.74,clear sky
514,Ashland,US,40.8167,-82.2665,35.6,93,90,21.85,light snow
515,Macau,MO,22.2006,113.5461,71.6,64,0,2.3,clear sky
516,Niquero,CU,20.0431,-77.5828,69.15,76,14,12.95,few clouds
517,Turbat,PK,26.0023,63.044,70.36,19,0,13.85,clear sky
518,Nelson Bay,AU,-32.7167,152.15,84.2,58,0,14.97,clear sky
519,San Andres,CO,12.5847,-81.7006,78.8,83,20,6.91,few clouds
520,Kieta,PG,-6.2167,155.6333,84.4,73,33,6.22,moderate rain
521,Tomatlan,MX,19.9333,-105.25,64.42,81,0,2.17,clear sky
522,Penzance,GB,50.1186,-5.5371,46.4,87,75,13.8,broken clouds
523,Maputo,MZ,-25.9653,32.5892,77.0,94,75,8.05,light rain
524,Monrovia,LR,6.3005,-10.7969,75.2,94,20,5.91,light rain
525,Jinchang,CN,38.4953,102.1739,43.32,37,0,2.04,clear sky
526,Manaus,BR,-3.1019,-60.025,80.6,89,0,2.3,clear sky
527,Cooma,AU,-36.2333,149.1333,77.0,50,75,23.02,broken clouds
528,Pontianak,ID,-0.0333,109.3333,82.4,83,75,5.75,light rain
529,Saint-Georges,GD,12.0564,-61.7485,78.8,78,20,8.05,few clouds
530,Yanji,CN,42.9075,129.5078,26.91,83,0,3.02,clear sky
531,Tezu,IN,27.9167,96.1667,80.87,15,0,3.65,clear sky
532,Les Cayes,HT,18.2,-73.75,73.29,79,11,7.45,few clouds
533,Skelleftea,SE,64.7507,20.9528,19.4,93,75,4.61,broken clouds
534,Los Llanos De Aridane,ES,28.6585,-17.9182,53.6,82,40,4.61,scattered clouds
535,Roros,NO,62.5747,11.3842,-20.2,76,20,2.3,few clouds
536,Letka,RU,59.6011,49.4232,11.1,95,100,1.74,light snow
537,Iqaluit,CA,63.7506,-68.5145,15.8,86,90,10.36,light snow
538,Ludvika,SE,60.1496,15.1878,12.99,85,90,9.22,overcast clouds
539,Port Hedland,AU,-20.3167,118.5667,85.57,70,49,14.83,scattered clouds
540,Saint-Augustin,CA,51.226,-58.6502,34.36,91,100,12.8,overcast clouds
541,Mildura,AU,-34.2,142.15,81.0,21,75,13.8,broken clouds
542,Salinopolis,BR,-0.6136,-47.3561,79.54,85,86,10.0,overcast clouds
543,Biloela,AU,-24.4167,150.5,92.35,24,52,1.36,broken clouds
544,Marsa Matruh,EG,31.3525,27.2453,60.8,67,75,11.5,broken clouds
545,Inhambane,MZ,-23.865,35.3833,84.2,89,75,7.11,broken clouds
546,Benito Juarez,MX,19.385,-99.165,62.6,39,1,3.44,clear sky
547,Myre,NO,69.1036,15.9492,32.0,86,75,24.16,broken clouds
548,Salalah,OM,17.0151,54.0924,73.4,60,40,8.05,scattered clouds
549,Gaziantep,TR,37.0594,37.3825,48.2,76,75,3.44,broken clouds
550,Harfleur,FR,49.5066,0.1983,46.4,93,90,8.05,overcast clouds
551,Teya,RU,60.3778,92.6267,5.4,90,100,9.13,overcast clouds
552,Mana,GF,5.6592,-53.7767,76.51,81,14,11.1,few clouds
553,Yenotayevka,RU,47.2456,47.0281,38.57,93,99,11.54,overcast clouds
554,Moerai,PF,-22.4333,-151.3333,80.4,76,93,14.38,overcast clouds
555,Lukovetskiy,RU,64.2956,41.9211,3.2,72,40,8.95,light snow
556,Twentynine Palms,US,34.1356,-116.0542,54.0,25,1,6.91,clear sky
557,Harsin,IR,34.2721,47.5861,44.6,93,90,6.91,overcast clouds
558,Uige,AO,-7.6087,15.0613,67.06,94,100,2.66,light rain
559,Champerico,GT,14.3,-91.9167,66.0,93,29,3.13,scattered clouds
560,Baykit,RU,61.67,96.37,2.21,89,100,3.47,overcast clouds
561,Deputatskiy,RU,69.3,139.9,-26.48,88,96,3.76,overcast clouds
562,Kuala Terengganu,MY,5.3302,103.1408,80.01,89,40,3.44,scattered clouds
563,Mbamba,NG,9.9833,13.1,66.22,26,0,5.03,clear sky
564,Natal,BR,-5.795,-35.2094,78.8,83,40,6.91,scattered clouds
565,Gizo,SB,-8.103,156.8419,84.78,72,13,8.46,light rain
566,Shchors,UA,51.8186,31.945,13.59,94,78,14.74,broken clouds
567,Coahuayana,MX,18.7333,-103.6833,69.31,89,4,2.15,clear sky
568,Asau,RO,46.4333,26.4,35.01,73,58,1.19,broken clouds
569,Hakkari,TR,37.5833,44.1667,32.0,100,90,2.3,snow
570,Kyabe,TD,9.4515,18.9449,72.61,21,66,8.7,broken clouds
571,Bojnurd,IR,37.4747,57.329,35.6,51,0,2.3,clear sky
572,Honiara,SB,-9.4333,159.95,84.0,72,4,7.18,clear sky
573,Pinheiro Machado,BR,-31.5783,-53.3811,57.99,98,31,15.99,scattered clouds
574,San Cristobal,VE,7.7669,-72.225,68.86,68,82,1.97,broken clouds
575,Najran,SA,17.4924,44.1277,59.0,33,0,4.45,clear sky
576,Conakry,GN,9.538,-13.6773,76.24,75,10,7.05,clear sky
577,Marsh Harbour,BS,26.5412,-77.0636,65.35,57,92,8.37,overcast clouds
578,Iquique,CL,-20.2208,-70.1431,69.8,68,0,8.05,clear sky
579,Chernyshevskiy,RU,63.0128,112.4714,-28.7,86,97,3.69,overcast clouds
580,Sfantu Gheorghe,RO,45.8667,25.7833,39.99,88,63,2.51,broken clouds
581,Acarau,BR,-2.8856,-40.12,77.83,85,76,12.37,broken clouds
582,Kollam,IN,8.8833,76.6,87.8,55,20,4.85,haze
583,Fomboni,KM,-12.28,43.7425,83.44,66,59,2.15,broken clouds
584,Raga,SS,8.4596,25.678,65.53,27,0,6.53,clear sky
585,Sabang,ID,5.8933,95.3214,81.37,76,38,24.74,scattered clouds
586,Bloemfontein,ZA,-29.1211,26.214,64.4,94,0,4.61,clear sky
587,West Odessa,US,31.8424,-102.4988,46.99,46,1,12.66,clear sky
588,Demba,CD,-5.51,22.2667,68.56,90,73,0.63,broken clouds
589,Xacmaz,AZ,41.4635,48.806,45.45,76,62,1.45,broken clouds
590,Yanliang,CN,34.6592,109.2292,59.0,17,0,13.42,clear sky
591,Labuhan,ID,-6.8844,112.2051,83.28,77,84,19.26,broken clouds
592,Teguise,ES,29.0605,-13.564,55.4,76,0,10.36,clear sky
593,Santa Cruz Del Norte,CU,23.1539,-81.9236,57.2,88,1,4.61,clear sky
594,Horadiz,AZ,39.4488,47.3353,42.8,100,75,6.91,mist
595,Alghero,IT,40.5589,8.3181,48.2,93,0,4.61,clear sky
596,Sawakin,SD,19.1059,37.3321,74.05,45,88,14.65,overcast clouds
597,El Salto,MX,20.3333,-104.5,61.0,49,0,3.0,clear sky
598,Natchitoches,US,31.7668,-93.1335,51.8,66,40,6.91,scattered clouds
599,Benemerito De Las Americas,MX,16.5167,-90.6439,62.19,95,0,1.86,clear sky
600,Praya,CV,14.9215,-23.5087,68.0,77,75,16.11,broken clouds
601,Mitu,CO,1.1983,-70.1733,71.91,96,98,0.58,overcast clouds
602,Hualmay,PE,-11.0964,-77.6139,69.75,81,100,4.34,overcast clouds
603,Matamoros,MX,25.5333,-103.25,71.6,13,1,2.53,clear sky
604,Peterhead,GB,57.5058,-1.7981,39.2,87,90,20.71,light rain
605,Chinchani,IN,19.8667,72.7,78.13,35,37,13.98,scattered clouds
606,Safaga,EG,26.7292,33.9365,60.8,63,0,13.8,clear sky
607,Teguldet,RU,57.3064,88.1667,5.7,94,96,6.71,overcast clouds
608,Ramanuj Ganj,IN,23.8,83.7,82.74,15,0,5.7,clear sky
609,Ishigaki,JP,24.3448,124.1572,73.4,56,20,11.5,few clouds
610,Ngorongoro,TZ,-3.2397,35.4875,54.5,90,29,2.75,scattered clouds
611,Novoorsk,RU,51.381,58.9813,35.6,93,100,4.47,overcast clouds
612,Manokwari,ID,-0.8667,134.0833,82.62,73,100,8.79,overcast clouds
613,Miquelon,PM,47.0975,-56.3814,41.31,99,100,14.79,overcast clouds
614,Kigorobya,UG,1.6162,31.3089,72.77,64,46,4.56,scattered clouds
615,Diffa,NE,13.3154,12.6113,63.61,43,0,12.66,clear sky
616,Douglas,US,41.3,-96.167,28.0,63,90,4.61,light snow
617,Belyy Yar,RU,53.6039,91.3903,19.4,73,100,0.94,mist
618,Vuktyl,RU,63.8567,57.3094,8.62,95,100,8.5,light snow
619,Bulungu,CD,-4.55,18.6,70.39,98,95,1.25,moderate rain
620,Ambovombe,MG,-25.1667,46.0833,86.59,56,41,7.27,scattered clouds
621,Petlad,IN,22.4667,72.8,73.4,46,0,5.75,smoke
622,Pomabamba,PE,-8.8333,-77.4667,48.79,78,100,1.97,light rain
623,Kjollefjord,NO,70.9457,27.3465,24.8,74,0,2.3,clear sky
624,Kupang,ID,-10.1667,123.5833,84.2,84,75,11.5,broken clouds
625,Mitsamiouli,KM,-11.3847,43.2844,78.8,78,20,5.75,few clouds
626,Inuvik,CA,68.3499,-133.7218,-34.6,74,100,5.75,overcast clouds
627,Huarmey,PE,-10.0681,-78.1522,70.16,77,94,4.07,overcast clouds
628,Banda Aceh,ID,5.5577,95.3222,85.01,66,32,14.29,scattered clouds
629,Conway,US,35.0887,-92.4421,42.01,65,75,5.75,broken clouds
630,Raudeberg,NO,61.9875,5.1352,21.99,61,2,9.13,clear sky
631,Alice,US,27.7523,-98.0697,68.0,94,1,4.61,mist
632,Pandan,PH,14.0453,124.1694,78.08,87,92,16.15,light rain
633,Margherita,IN,27.2833,95.6833,71.6,56,0,8.05,haze
634,Katangli,RU,51.7102,143.2326,-5.1,87,100,14.76,overcast clouds
635,Teknaf,BD,20.8624,92.3058,76.71,37,0,2.95,clear sky
636,Hay River,CA,60.8156,-115.7999,-29.2,68,61,5.75,broken clouds
637,Rio Grande,BR,-32.035,-52.0986,64.99,91,73,8.01,broken clouds
638,Townsville,AU,-19.25,146.8,87.8,66,20,16.11,few clouds
639,Lata,PT,40.1629,-8.3327,50.0,94,100,1.99,overcast clouds
640,Bealanana,MG,-14.55,48.7333,70.25,84,100,2.13,overcast clouds
641,La Ronge,CA,55.1001,-105.2842,-2.2,65,100,11.5,overcast clouds
642,Ulkan,RU,57.243,107.3223,8.15,91,100,5.61,overcast clouds
643,Goundi,TD,9.3627,17.366,66.83,25,57,4.34,broken clouds
644,La Romana,DO,18.4273,-68.9728,72.43,91,0,9.75,clear sky
645,Uyemskiy,RU,64.4743,40.8524,3.2,72,40,8.95,light snow
646,Westport,US,41.1415,-73.3579,33.01,86,1,5.19,clear sky
647,Mehamn,NO,71.0357,27.8492,24.8,74,0,2.3,clear sky
648,Kemijarvi,FI,66.7131,27.4306,11.07,95,49,7.83,scattered clouds
649,Kidal,ML,18.4411,1.4078,66.43,23,83,12.8,broken clouds
650,Fukue,JP,32.6881,128.8419,50.0,62,75,2.3,broken clouds
651,Marienburg,PL,54.0359,19.0266,19.0,100,67,4.18,broken clouds
652,Novotroitskaya,RU,45.3267,41.5253,44.6,87,75,22.37,broken clouds
653,Brownsville,US,25.9018,-97.4975,68.0,88,40,6.91,scattered clouds
654,Taraz,KZ,42.9,71.3667,50.0,23,100,6.71,overcast clouds
655,Layou,VC,13.2,-61.2667,78.8,78,40,16.11,scattered clouds
656,Shirokiy,RU,49.758,129.523,-5.57,90,100,5.19,light snow
657,Northam,GB,51.0333,-4.2167,42.01,95,20,5.99,few clouds
658,Uaua,BR,-9.8414,-39.4817,71.92,83,57,10.8,broken clouds
659,Ouegoa,NC,-20.35,164.4333,83.23,72,23,10.89,few clouds
660,Chegdomyn,RU,51.1167,133.0167,-15.02,81,58,2.55,broken clouds
661,Kachiry,KZ,53.0675,76.1036,23.5,98,99,7.29,overcast clouds
662,Uvat,RU,59.1433,68.8953,12.61,96,97,5.79,overcast clouds
663,Beringovskiy,RU,63.05,179.3167,-1.52,92,100,8.95,overcast clouds
664,Olafsvik,IS,64.8945,-23.7142,38.68,78,100,35.05,overcast clouds
665,Viru,PE,-8.4167,-78.75,73.33,63,87,2.91,overcast clouds
666,Chapais,CA,49.7834,-74.8492,8.6,92,1,4.61,clear sky
667,Yumen,CN,40.2833,97.2,41.22,47,2,26.6,clear sky
668,Vila Franca Do Campo,PT,37.7167,-25.4333,51.8,87,20,12.66,few clouds
669,Husavik,IS,66.0449,-17.3389,26.6,68,0,5.75,clear sky
670,Puerto Madryn,AR,-42.7692,-65.0385,85.86,17,0,26.66,clear sky
671,Dzaoudzi,YT,-12.7887,45.2699,84.2,79,0,4.61,clear sky
672,Balikpapan,ID,-1.2675,116.8289,84.2,84,20,4.61,few clouds
673,Houma,US,29.5958,-90.7195,66.2,82,90,9.22,overcast clouds
674,Liberal,US,37.0431,-100.921,24.8,74,1,4.61,clear sky
675,Souillac,MU,-20.5167,57.5167,84.2,65,40,9.22,scattered clouds
676,Lieto,FI,60.5103,22.4618,3.2,78,0,3.44,clear sky
677,Tarko-Sale,RU,64.9225,77.785,-22.81,87,72,6.51,broken clouds
678,Turayf,SA,31.6725,38.6637,46.4,100,90,6.91,fog
679,Wilson,US,36.1501,-86.2833,48.2,93,90,8.05,overcast clouds
680,Cruz Grande,MX,16.7333,-99.1333,71.46,89,15,1.25,few clouds
681,Vancouver,CA,49.2497,-123.1193,41.0,93,90,8.05,light rain
682,Ubinskoye,RU,55.3068,79.6802,9.43,94,100,6.17,overcast clouds
683,Tamworth,GB,52.634,-1.6959,43.0,95,83,3.0,broken clouds
684,Marfino,RU,55.7028,37.3822,12.2,79,75,17.9,light snow
685,Berbera,SO,10.4396,45.0143,72.72,62,1,2.68,clear sky
686,Chapada Dos Guimaraes,BR,-15.4606,-55.7497,78.8,89,75,8.05,broken clouds
687,Tual,ID,-5.6667,132.75,82.92,79,100,24.81,moderate rain
688,Maniitsoq,GL,65.4167,-52.9,14.07,72,100,2.33,overcast clouds
689,Kloulklubed,PW,7.0419,134.2556,86.0,70,75,13.8,broken clouds
690,Port-Gentil,GA,-0.7193,8.7815,81.45,81,68,8.19,broken clouds
691,Batticaloa,LK,7.7102,81.6924,79.03,79,100,12.21,overcast clouds
692,Darlawn,IN,24.0167,92.9,77.0,36,0,1.83,haze
693,Itarema,BR,-2.9248,-39.9167,78.62,82,77,12.5,broken clouds
694,Alexander City,US,32.944,-85.9539,57.2,77,90,12.66,overcast clouds
695,Lulea,SE,65.5842,22.1547,19.4,100,90,6.91,light snow
696,Wewak,PG,-3.5534,143.6268,84.38,75,16,10.51,light rain
697,Omboue,GA,-1.5746,9.2618,77.67,88,89,5.21,overcast clouds
698,Lagos De Moreno,MX,21.35,-101.9167,60.8,14,1,6.91,clear sky
699,Vestmanna,FO,62.1564,-7.1664,33.8,69,20,11.5,few clouds
700,Half Moon Bay,US,37.4636,-122.4286,51.8,61,1,6.17,clear sky
701,Anloga,GH,5.7947,0.8973,82.4,89,40,11.52,scattered clouds
